x,y
-1.9749998804181814,-0.5249998588114977
-1.9249998796731234,-0.47499985806643963
-1.9151940727700962,-0.4259708235513041
-1.905388265867069,-0.37694178903616854
-1.895582458964042,-0.32791275452103297
-1.8857766520610149,-0.27888372000589745
-1.8759708451579877,-0.2298546854907619
-1.8661650382549606,-0.18082565097562636
-1.8563592313519335,-0.1317966164604908
-1.8465534244489066,-0.08276758194535527
-1.8367476175458795,-0.0337385474302197
-1.8249998781830072,0.02500014938414097
-1.8112638215834551,0.0730763474825733
-1.797527764983903,0.12115254558100562
-1.7837917083843509,0.16922874367943794
-1.770055651784799,0.21730494177787027
-1.7563195951852468,0.26538113987630263
-1.7425835385856947,0.3134573379747349
-1.7249998766928911,0.3750001545995474
-1.674999875947833,0.42500015534460545
-1.624999875202775,0.4750001560896635
-1.589644535616612,0.5103554956758265
-1.5249998737126589,0.5750001575797796
-1.4749998729676008,0.5750001575797796
-1.4249998722225428,0.5750001575797796
-1.3749998714774847,0.5750001575797796
-1.3249998707324266,0.5750001575797796
-1.2749998699873686,0.5750001575797796
-1.2249998692423105,0.5750001575797796
-1.1749998684972525,0.5750001575797796
-1.1249998677521944,0.5750001575797796
-1.0749998670071363,0.5750001575797796
-1.0249998662620783,0.5750001575797796
-0.9749998655170202,0.5750001575797796
-0.9249998647719622,0.5750001575797796
-0.8749998640269041,0.5750001575797796
-0.824999863281846,0.5750001575797796
-0.774999862536788,0.5750001575797796
-0.7249998617917299,0.5750001575797796
-0.6749998610466719,0.5750001575797796
-0.6249998603016138,0.5750001575797796
-0.5749998595565557,0.5750001575797796
-0.5249998588114977,0.5750001575797796
-0.4751725701567693,0.5708478835252189
-0.4253452815020408,0.5666956094706582
-0.3755179928473124,0.5625433354160975
-0.32569070419258395,0.5583910613615368
-0.27586341553785554,0.5542387873069761
-0.22603612688312713,0.5500865132524154
-0.17620883822839872,0.5459342391978547
-0.12638154957367026,0.541781965143294
-0.07655426091894185,0.5376296910887333
-0.02672697226421339,0.5334774170341726
0.02310031639051502,0.5293251429796119
0.07500015012919903,0.5250001568347216
0.1250001508742571,0.5250001568347216
0.17500015161931515,0.5250001568347216
0.2250001523643732,0.5250001568347216
0.27500015310943127,0.5250001568347216
0.3250001538544893,0.5250001568347216
0.3750001545995474,0.5250001568347216
0.42500015534460545,0.5250001568347216
0.4750001560896635,0.5250001568347216
0.5250001568347216,0.5250001568347216
0.5750001575797796,0.5250001568347216
0.6250001583248377,0.5250001568347216
0.6750001590698957,0.5250001568347216
0.7250001598149538,0.5250001568347216
0.7750001605600119,0.5250001568347216
0.8250001613050699,0.5250001568347216
0.875000162050128,0.5250001568347216
0.925000162795186,0.5250001568347216
0.9750001635402441,0.5250001568347216
1.0250001642853022,0.5250001568347216
1.0750001650303602,0.5250001568347216
1.1250001657754183,0.5250001568347216
1.1750001665204763,0.5250001568347216
1.2250001672655344,0.5250001568347216
1.2750001680105925,0.5250001568347216
1.3250001687556505,0.5250001568347216
1.3750001695007086,0.5250001568347216
1.4250001702457666,0.5250001568347216
1.4750001709908247,0.4750001560896635
